{
  "retrieval_only": {
    "Recall@5": 0.052546915756596396,
    "NDCG@5": 0.04071291482805688,
    "Precision@5": 0.016822429906542057,
    "Recall@10": 0.06186790265247111,
    "NDCG@10": 0.044127719718511,
    "Precision@10": 0.01036533559898046,
    "Recall@20": 0.07741049402033064,
    "NDCG@20": 0.04875591706270557,
    "Precision@20": 0.00673322005097706,
    "MRR": 0.048379343758697194
  },
  "retrieval_deepfm": {
    "Recall@5": 0.05601014458675313,
    "NDCG@5": 0.046020777086355394,
    "Precision@5": 0.018691588785046728,
    "Recall@10": 0.07948356173551638,
    "NDCG@10": 0.0543174552346656,
    "Precision@10": 0.013763806287170775,
    "Recall@20": 0.09094405972426414,
    "NDCG@20": 0.057681889317663715,
    "Precision@20": 0.008113848768054375,
    "MRR": 0.06075033897786296
  }
}